DV,Method,Age²,Age² SE,Age,Age SE,ln(Spending),ln(Spending) SE,R²,N obs,N HH,R² within
Log-Change,Pooled OLS,4.5157544356954134e-05,2.1820020422603388e-05,-0.009191848669871616,0.003189281233412064,-0.15854771742002763,0.003428687392026205,0.15815570741894813,20189,4900,
Log-Change,Fixed Effects,2.581405076231925e-06,3.563222044890657e-05,-0.011689591492632335,0.005181803653028663,-0.5107600246978996,0.004967747131124591,,20189,4900,0.5149981219679636
Log-Change,FE + Time,,,,,-0.5147093933522776,0.005643728205535338,,20189,4900,0.3554053002816532
Ratio,Pooled OLS,5.919475389303e-05,2.4199709363720423e-05,-0.01112276360283737,0.003525477351599807,-0.1527052534808488,0.003379559612777115,0.1363732558734384,20189,4900,
Ratio,Fixed Effects,1.0905167918632671e-05,3.8570487212272566e-05,-0.012971066149093026,0.005606155178708738,-0.4995473169872922,0.005437195294941511,,20189,4900,0.46379450544412437
Ratio,FE + Time,,,,,-0.5036038992207346,0.006166989400059274,,20189,4900,0.3126989098243578
