Variable,Coefficient,SE_OneWay,SE_TwoWay,SE_Ratio,t_OneWay,t_TwoWay,p_OneWay,p_TwoWay,CI95_OneWay,CI95_TwoWay,Inference_Changes
Age²,1.0905167918632671e-05,3.8570487212272566e-05,3.677392201735232e-05,0.9534212470526272,0.2827334759505658,0.2965462295125036,0.777381152699647,0.7668129676335307,"[-0.000065, 0.000087]","[-0.000061, 0.000083]",False
Age,-0.012971066149093026,0.005606155178708738,0.005740540161350119,1.023970970898514,-2.313718713737183,-2.2595549869025495,0.020683156697340888,0.023848883962128697,"[-0.023959, -0.001983]","[-0.024223, -0.001720]",False
ln(Spending),-0.4995473169872922,0.005437195294941511,0.012058023495524888,2.217691813781833,-91.87591945649727,-41.42862361917689,0.0,0.0,"[-0.510204, -0.488890]","[-0.523181, -0.475914]",False
